xlt,1
xlw,1
xlv,23
ccj,14
teb,1
tea,101
gkt,1
ted,10
tec,5
tee,36
tei,2
tel,299
tek,1
ten,122
gla,136
tem,131
ter,170
gle,27
tet,9
tes,65
gli,57
teu,1
cde,1
tex,4
cdj,7
glo,170
cdr,1
glu,19
cea,40
cec,2
ced,13
cei,6
cej,43
kur,8
cem,3
cel,39
kut,91
cen,62
cep,3
tga,2
ces,10
cer,199
kuz,10
cet,8
gna,7
cfj,4
gno,1
tha,4821
cfo,1
thb,5
the,28354
thd,4
thg,2
thf,3
thi,2374
thh,1
thj,35
goa,92
thm,1
thl,2
tho,2169
goc,3
gob,50
thn,6
goe,24
god,621
gog,6
ths,1
thr,835
gof,12
goi,206
thu,410
tht,4
goh,8
thw,4
goj,1
thy,509
gom,14
gol,215
goo,477
gon,136
cgj,2
goq,2
cgl,1
gos,36
gor,16
gou,21
tib,3
got,144
tia,1
gow,18
tid,33
tic,8
gov,110
goy,14
tie,10
pad,7
tig,16
pac,66
pae,1
til,128
pah,1
pag,35
tik,16
tin,20
paj,74
gpb,1
tim,478
pai,92
tip,9
pal,85
pan,54
tir,33
cha,1880
pam,5
tiq,1
tit,44
pap,48
tis,14
par,553
che,132
pat,143
pas,381
pav,32
chj,1
chi,437
pau,80
pax,1
chl,1
paw,3
pay,47
cho,111
chr,246
chu,75
xro,1
pbj,39
cia,1
cic,6
cid,10
cig,4
cii,2
cij,1
cim,1
cil,1
cin,6
cis,8
cir,126
cit,204
civ,23
cix,1
pcj,14
gra,346
gre,746
gri,95
gro,263
gru,18
xth,4
pdj,4
pdo,1
peb,4
pea,159
ped,11
pec,31
pee,23
peh,1
peg,5
pej,72
pel,13
pek,1
pen,75
cla,110
gth,1
pep,1
peo,377
per,762
cle,193
peq,19
pet,144
pes,13
pev,1
cli,71
peu,1
pew,1
xvc,2
xvb,1
clo,291
xvi,36
clu,35
xvo,1
cly,1
gua,105
pfj,2
gue,77
xvt,7
xvw,1
gui,58
gum,1
pfu,6
gul,10
gun,33
gus,5
gur,4
tob,450
toa,287
xwe,1
gut,21
tod,252
xwh,1
toc,188
tof,123
cmu,1
toe,126
pga,3
toh,455
tog,407
toj,36
pgf,1
toi,96
tol,252
tok,74
ton,147
pgj,1
tom,365
pgi,1
top,197
too,398
tor,241
toq,11
tot,1068
tos,397
tov,10
tou,148
cne,1
tow,526
toz,2
toy,76
pgu,2
xxa,3
xxc,1
xxb,1
pgy,1
xxd,3
pha,82
xxi,57
phb,1
phe,31
phi,113
gwa,2
coa,73
xxt,1
pho,8
coc,11
xxv,47
tpr,1
coe,1
xxx,99
cod,2
cof,23
phr,10
coi,14
phu,3
coh,24
pht,2
cok,1
com,1937
phy,25
col,209
coo,42
con,1902
coq,1
cop,23
cos,42
cor,271
cou,1294
gwy,2
cot,10
pia,3
cow,26
pic,67
cov,175
lab,78
pie,468
laa,1
lad,122
lac,20
pig,20
coz,2
laf,1
lae,7
pil,76
lah,1
pik,4
lag,6
pin,28
lai,66
pip,150
lal,1
pio,3
lak,14
lan,359
pir,6
lam,70
piq,1
pit,79
lap,10
lao,5
pis,19
lar,108
piv,3
lat,121
las,176
lav,16
lau,134
tra,352
law,98
laz,13
lay,93
tre,439
tri,198
tro,196
trn,1
tru,318
pjp,15
try,71
gym,1
lbs,1
cqm,4
gyp,1
gyr,1
tsa,8
lca,1
pke,1
cra,83
tss,1
cre,159
cri,135
cro,190
pla,636
cru,84
ple,224
cry,45
pli,6
csa,2
plo,16
plu,40
csm,5
tub,6
tuc,3
tuf,2
tue,2
tug,2
leb,6
lea,516
tui,3
led,31
lec,4
lef,168
tun,23
lee,9
tum,29
leg,145
tur,316
lei,18
tut,7
lel,4
tus,16
len,61
tuv,1
lem,7
cte,1
lep,8
cth,1
leo,11
ler,2
let,692
les,160
lev,110
leu,2
lex,2
lew,1
ley,1
tve,1
pne,1
cub,33
cud,5
cuf,1
cui,3
cum,1
cul,10
cun,17
cup,20
twa,10
cus,36
cur,201
pob,2
twe,166
cut,62
pod,2
poc,59
cuv,2
twi,84
poe,25
poi,106
lge,1
pol,70
two,311
pok,5
pon,33
pom,47
cva,1
pop,29
poo,106
por,94
pot,25
pos,396
pov,15
pou,60
cvi,3
twy,1
pow,151
yah,19
yak,2
lha,1
cvw,1
yan,3
yar,49
yaw,4
cwe,1
ppp,1
pps,1
cwh,1
tyc,1
cww,1
lib,74
lia,14
tyi,1
lid,4
lic,29
lif,271
hab,49
lie,175
had,1307
typ,7
lig,210
hac,15
tyr,11
lii,17
lil,10
hah,19
lik,481
hag,2
lin,136
hai,81
lim,33
hal,238
lip,45
lio,32
han,576
ham,35
cxi,2
liq,3
hap,236
lit,318
lis,111
har,328
liv,216
hat,273
lix,3
has,392
hav,1456
liz,2
hau,22
pra,230
cxt,1
haw,9
haz,13
hay,9
pre,823
pri,975
hbe,1
pro,1142
cyc,4
pru,32
hbm,1
cym,4
pry,3
cyl,2
cyn,1
prz,3
cyp,4
cyr,8
psa,162
cyt,1
psd,1
pse,3
psh,1
psl,1
cza,1
hch,5
yea,248
yec,1
yeb,2
psy,2
yee,2
yed,4
yeg,2
yef,4
yei,1
yeh,6
yem,13
lla,1
yel,35
yeo,3
yep,2
yes,734
yer,3
yeu,1
yet,279
pto,17
yew,2
yey,2
hdu,1
pub,39
pua,1
pud,3
puc,3
puf,7
pue,1
puh,1
pug,1
heb,140
hea,1434
pui,1
hed,197
pul,32
hec,267
hef,94
pun,77
hee,81
pum,25
heh,507
pup,7
heg,91
pur,209
hej,6
lmn,1
hei,235
hel,460
put,203
pus,27
hek,50
hen,92
hem,147
hep,129
heo,51
her,1531
puz,7
lmu,1
heq,4
het,471
hes,756
hev,9
heu,18
hew,618
hey,16
lnd,1
hfe,1
lob,5
loa,30
lod,25
loc,33
lof,8
loh,1
log,9
loi,9
lol,1
lon,374
lom,1
lop,6
loo,601
lor,581
loq,1
lot,67
los,110
lov,208
lou,50
yie,30
low,70
loy,7
hhu,1
yjn,2
ubi,1
pyg,1
pyj,1
hid,95
pyl,2
hic,3
dab,1
hie,4
dad,2
hig,224
dac,1
pyr,11
daf,1
hil,89
pyt,4
hik,3
dag,14
hin,41
him,1908
dai,13
dal,19
hip,9
dan,186
hir,18
dam,52
hit,45
dap,12
his,2467
dar,263
hiv,1
dat,13
das,15
dav,148
dau,158
daw,20
uch,2
daz,9
day,439
lsc,1
ltc,2
lth,3
ynh,1
lub,1
lud,1
luc,46
hmb,1
hma,2
lug,6
deb,49
dea,419
lui,5
ded,9
lul,1
hmh,9
dec,247
luk,25
lun,10
def,164
dee,140
lum,8
hmi,2
deg,27
lur,11
dej,4
hmn,1
dei,7
hmm,2
del,296
lus,26
den,119
dem,78
dep,179
lux,9
hmt,1
deo,1
hms,1
der,23
luz,1
det,91
des,706
hmw,1
dev,142
yok,7
deu,50
yoj,1
dex,6
lva,3
dew,6
ugh,5
lvb,1
dey,1
yon,12
ugl,13
yor,3
you,2988
lvi,12
lvh,1
ugu,7
lvn,1
lvt,1
uhe,1
uhl,3
hob,115
ypr,7
hoa,7
hod,1
lwh,2
hoc,2
hof,2
lwi,1
hoe,1
hoh,9
hog,2
hoi,10
hol,350
hon,143
hom,94
hop,125
hoo,49
hor,291
hot,17
hos,81
hov,6
hou,487
how,679
hoy,3
lxc,1
lxi,17
lxh,1
dho,2
lxv,12
yrc,2
lxx,58
dhr,2
lyb,1
lyd,2
lyc,2
ujo,1
dib,3
dia,28
lyi,53
did,413
dic,15
dif,187
die,80
lym,1
dig,37
lyr,1
dil,17
lys,5
dik,7
din,73
dim,51
dip,14
dio,3
dir,120
dit,11
dis,880
div,165
dix,5
diz,1
hrb,2
ukr,1
hri,1
hrh,1
hru,1
ula,1
ulc,1
ull,1
ult,5
hsh,2
uly,100
uma,1
umb,2
hta,1
umm,1
ums,1
umu,2
unb,28
una,61
htt,1
und,626
unc,187
unf,52
une,75
unh,34
ung,20
unj,19
uni,82
unl,82
unk,17
unn,23
hub,4
unm,17
unp,34
hud,5
uno,9
huc,1
unr,31
huf,1
unq,9
hue,4
unt,297
hug,17
uns,69
unv,3
unu,9
hul,18
unw,52
hun,273
hum,124
dmi,9
huo,2
hur,93
hut,8
hus,118
huz,1
hva,1
dna,1
dne,3
dni,1
dnh,1
dnn,1
upb,31
upa,86
upd,5
upc,3
upf,19
upe,1
uph,34
upg,1
upj,5
upi,34
upl,12
upk,1
upn,2
upm,10
hwa,1
upp,15
upo,510
upr,23
dob,10
doa,29
upq,1
upt,136
dod,6
doc,52
ups,28
dof,5
upv,1
doe,90
upu,3
hwi,1
doh,5
upw,40
dog,26
doj,2
doi,95
upy,4
dol,87
don,800
dom,84
dop,8
doo,155
dor,102
dot,84
dos,48
dov,6
dou,119
maa,11
dow,444
mac,100
doz,9
doy,158
mab,4
mae,2
mad,404
mag,91
maf,2
mai,112
mah,5
mak,327
maj,88
mam,42
mal,65
mao,3
man,903
map,6
mas,258
mar,477
mau,7
mat,233
mav,9
may,389
urb,1
max,4
urc,2
maz,2
urg,14
uri,7
hyd,1
hye,2
uru,2
hym,3
hyp,18
mbu,1
usa,48
hys,1
usc,4
usb,14
use,122
usd,7
usg,4
usf,15
usi,20
mca,1
ush,6
mcc,2
usm,5
usl,8
uso,10
usn,3
dra,203
usq,1
usp,2
uss,12
usr,2
drb,1
dre,212
usu,52
ust,38
usw,9
drg,1
dri,178
dro,146
mcw,4
dru,66
dry,17
uti,4
mda,1
utm,8
mde,1
utq,1
utt,67
dso,1
mea,475
mec,18
meb,18
mee,70
med,62
meg,6
mef,27
mei,57
meh,28
mek,2
mem,96
mel,61
meo,35
men,475
meq,1
mep,4
dth,2
mes,108
mer,278
meu,13
met,209
mew,27
mev,1
mey,10
uva,2
dub,4
dud,2
duc,45
duf,1
due,31
dug,12
dul,60
duk,39
dun,27
dum,11
duo,1
dur,105
dut,33
dus,21
mgo,1
zab,5
zac,29
zai,7
uxe,1
zak,2
zan,5
zam,5
zar,3
zat,1
zav,1
dwa,60
dwe,96
dwi,11
dwo,1
dwu,1
mia,1
mic,43
mid,135
mig,307
iac,5
iab,2
iad,6
iag,4
mik,17
iaf,1
mim,2
iai,2
mil,150
mio,1
min,374
iam,406
ial,31
mip,2
mis,310
mir,57
ian,15
mit,28
iap,4
ias,17
iar,5
mix,16
iat,5
miz,1
iba,1
ibe,67
dye,11
ibi,8
dyi,21
ibo,2
ibr,6
dyn,1
dyo,2
dyr,4
ibu,4
dys,2
ica,142
zdr,1
ice,15
ich,8
icl,1
ico,95
zeb,5
zea,11
icr,12
icu,1
icy,3
zel,1
idb,3
zer,3
ida,19
idc,1
ide,68
zeu,1
idh,1
idi,58
idl,13
ido,375
idr,13
idt,1
ids,3
idu,4
qua,143
idw,1
que,236
qui,510
iea,2
iec,1
quo,13
mmm,1
ien,9
iev,5
iex,17
ifb,16
ifa,145
ifd,5
ifc,4
iff,6
ife,54
ifh,127
ifg,13
ifj,2
ifi,209
ifl,7
ifk,1
ifn,12
ifm,26
ifp,15
ifo,61
ifr,8
ift,356
zhe,6
ifs,36
ifv,1
ifu,4
zhi,2
ifw,52
ify,149
moa,22
moc,8
mob,13
iga,9
mod,49
moi,6
ige,1
moh,2
mok,1
mom,145
igi,20
mol,17
moo,74
mon,215
mop,1
mos,359
igo,17
mor,848
ign,51
mou,387
mot,146
mow,5
mov,168
igr,5
igu,3
moy,3
vac,3
zig,1
moz,2
vaf,1
zil,2
vag,14
zin,1
vai,23
val,148
zip,2
zio,1
van,55
zir,1
iha,542
vap,11
var,47
ihe,32
vat,2
vas,50
ziz,1
vau,11
ihi,2
iho,40
ihu,2
iia,4
iib,1
iid,1
eac,96
iif,1
vbr,1
iii,16
iih,1
eag,50
iim,6
iin,9
iis,4
vca,2
iit,7
eas,153
iiw,5
ear,229
eat,99
eav,5
mrb,16
mra,5
mrd,10
mrc,6
mrf,8
mre,1
mrh,3
mrg,1
mrj,21
ebb,2
ije,1
mri,1
mrm,2
mrp,31
mrr,1
mrt,6
mrs,35
ijo,2
ebo,6
mrw,22
ebr,1
iju,3
ebu,6
ike,1
ecc,73
iki,4
ech,11
ikn,159
ecl,3
eco,5
vea,1
ecs,5
ved,1
vef,1
vee,1
veh,10
veg,1
vei,16
vel,10
ven,72
ila,8
vem,1
mth,1
ver,451
ile,14
vet,2
edd,1
ves,61
ili,23
ill,253
vex,9
mtp,2
edg,23
vew,2
mtr,1
iln,1
edi,23
ilo,35
edn,1
edo,20
edr,4
ilu,1
edu,9
ily,6
edw,1
muc,241
ima,138
mue,1
mud,22
mug,1
vfo,1
imc,2
muf,3
imb,2
ime,22
mui,6
imd,1
img,4
imf,2
imi,25
mum,8
imh,2
mul,112
mun,11
imm,146
iml,5
mus,274
imo,8
imn,11
mur,69
imq,1
imp,345
mut,37
ims,10
zod,2
een,16
muv,1
imr,3
imu,29
imt,3
muz,2
imy,10
zon,2
zop,1
inb,67
zor,14
ina,402
ind,401
inc,327
mvg,2
inf,325
ine,124
inh,412
ing,76
eff,76
inj,61
ini,146
inl,74
ink,12
inn,112
inm,159
efi,1
inp,82
ino,103
inr,51
inq,49
int,2651
vha,1
ins,593
inv,152
inu,12
vhe,1
inw,148
iny,23
iob,4
ega,3
iog,2
iof,3
egg,3
egi,1
ion,11
egl,3
iop,6
ego,2
ior,4
vib,4
iou,5
iot,1
via,5
vid,2
iow,5
vic,106
iov,2
rab,24
vif,1
vie,41
raa,1
rad,9
vih,1
rac,39
vig,17
egy,85
raf,2
vii,27
rae,4
vil,95
rah,1
rag,31
vin,37
rai,142
ipa,10
ral,1
vio,49
rak,4
ran,97
vir,57
ehb,2
ram,49
ipe,6
eha,1
rap,37
vit,21
ehd,3
vis,109
ehc,1
viv,17
rar,13
ipi,3
ehe,1
rat,120
ipl,1
ehh,1
vix,1
ras,12
viw,3
rav,25
viz,6
rau,3
ehi,2
ehl,1
ipo,5
raw,2
raz,3
ipr,28
ehn,1
ray,9
ehm,3
eho,1
ehr,1
ipu,5
ehs,1
mya,20
ehw,4
myc,57
myb,55
ehy,3
mye,44
myd,127
myg,38
myf,92
myi,14
myh,92
myk,8
myj,6
mym,79
myl,74
eig,52
myo,40
myn,21
eif,3
myq,1
myp,50
mys,321
myr,29
myu,5
myt,40
eil,1
aah,1
myw,43
myv,8
myy,3
iqu,8
aao,1
myz,1
aaq,1
eit,98
rca,1
aar,22
ira,7
irc,1
ire,64
abb,4
aba,58
iri,13
abd,8
abc,3
ejg,1
abe,25
abh,8
iro,31
irr,51
abi,72
abl,70
ejp,3
vla,5
abn,5
iru,3
abo,623
abr,102
rdc,5
abs,100
rdd,1
abu,54
rdi,1
isa,422
isc,43
isb,29
rdj,1
aby,2
ise,90
isd,27
isg,29
isf,32
rdn,1
aca,47
isi,132
ish,215
acc,559
isk,6
isj,5
ace,12
ism,42
isl,88
iso,54
isn,153
aci,7
isq,10
zub,1
ach,113
isp,56
iss,112
ack,18
eko,2
isr,251
isu,46
ist,278
acl,17
vma,1
isw,48
aco,104
isv,13
reb,43
acq,61
isy,6
rea,580
red,102
acs,1
rec,475
acr,99
ref,128
acu,15
act,183
ree,24
zum,1
reh,6
reg,173
itb,92
rej,64
ita,190
rei,76
itd,49
rel,210
itc,75
ren,87
itf,52
elb,16
rem,522
ite,40
ela,22
ith,326
rep,378
eld,20
itg,14
elc,4
reo,2
zuz,1
itj,3
elf,12
adb,1
ele,88
req,59
iti,592
ada,44
ret,351
add,118
itl,25
elh,1
res,550
itk,3
rev,136
itn,43
ade,51
itm,119
eli,62
reu,3
adh,3
itp,21
rew,38
ito,78
adj,37
itr,47
adi,33
elm,1
itq,2
itt,100
its,642
elo,10
elr,24
itv,2
adm,90
itu,25
elt,4
itw,812
ado,91
els,71
adr,34
elv,50
ity,17
elu,4
adt,3
adv,227
adu,21
ely,1
adw,2
ady,1
ema,9
emb,67
eme,16
emi,9
aed,14
aeg,9
iun,15
emm,3
emo,11
ius,2
emp,182
ael,3
ems,1
aeo,2
vod,2
voc,7
emu,2
vof,1
aep,1
emt,3
vog,2
aer,5
emy,4
voi,195
aet,2
vol,28
vom,3
iva,14
ivc,2
vor,4
ive,33
ena,10
end,234
ivh,1
vot,2
enc,137
enf,3
afa,46
ene,239
vou,7
ivi,4
enh,3
eng,99
vow,14
enj,37
aff,188
voz,1
afe,64
voy,25
enl,17
enk,3
ivo,11
enn,1
afi,38
enm,3
afl,15
ivt,2
eno,97
enr,10
enq,1
ent,306
rha,4
afo,62
ens,10
ivw,2
afr,100
env,26
enu,1
ivy,1
aft,744
rhe,10
enw,1
afu,25
iwa,217
rhi,8
vpo,1
iwe,25
rho,3
aga,782
iwi,441
iwh,12
age,68
agg,12
iwo,108
rhy,6
agi,29
agh,2
iwr,9
agl,11
ago,94
eor,2
rib,16
ria,1
rid,122
agr,135
ric,61
nab,48
agu,8
rif,15
naa,5
nad,4
rig,214
nac,2
ixb,1
nah,7
ril,1
ixc,4
nag,5
rin,77
naj,2
nai,16
epa,4
rim,5
rip,13
nak,24
rio,5
nan,18
ahb,12
nam,217
aha,91
eph,54
rit,13
ahd,5
nap,98
ris,87
ahc,6
nar,46
riv,133
ahf,3
ahe,65
epi,27
nat,503
ahh,25
nas,8
ahg,1
nav,6
nau,18
ahi,37
ixt,4
ahl,4
epo,3
naz,10
ahn,4
nay,58
ahm,30
ahp,6
aho,31
ixw,3
aht,34
ahs,39
ahv,3
ahu,25
ahw,22
ahy,18
iye,2
aia,3
iyi,1
rjp,1
aid,35
iyo,1
aii,2
aim,19
ail,4
aio,1
ain,13
equ,55
ais,3
air,66
aiy,1
era,2
ere,45
aja,1
nco,4
aje,6
eri,3
erk,4
erm,9
aji,1
err,28
ajo,9
ers,2
eru,7
vth,2
erw,1
ndc,7
ajv,1
erz,1
aju,9
ndb,4
ndg,5
esa,18
ndi,1
esc,90
esb,1
esd,30
ndl,54
ndo,1
ndn,1
ake,3
nds,2
aki,27
akh,1
esq,2
esp,72
ess,14
esr,1
akn,5
est,130
nea,169
vul,16
ned,1
nec,159
nef,1
nee,103
neh,7
neg,36
nei,324
nel,3
etd,1
etc,18
alb,17
nen,1
ala,113
ete,33
nem,1
nep,27
eth,19
ald,9
neo,1
alc,24
ner,22
alf,3
ale,84
net,9
nes,21
alg,2
nev,322
ali,172
neu,5
rmy,1
etm,1
nex,140
all,1729
new,122
eto,1
etr,1
alm,130
ney,1
alp,32
alo,265
alr,117
alt,172
als,201
alv,1
alu,9
ety,3
alw,155
aly,2
euc,1
ama,208
eug,1
amc,4
amb,65
ame,82
amd,6
amg,11
amf,5
ami,102
eum,15
amh,3
eun,2
amm,25
eup,8
amo,316
eur,30
amn,13
rob,45
roa,116
amp,20
rod,34
vwh,2
ams,13
roc,79
amr,8
amu,29
amt,17
roh,25
amw,5
rog,4
amv,1
amy,2
rol,35
rok,1
ron,1
eva,16
rom,78
rop,28
roo,150
anb,4
eve,1257
ana,178
roq,12
and,22938
rot,9
anc,75
ros,255
rov,3
rou,235
ane,158
evi,185
anh,22
ang,131
row,13
anj,1
ani,113
roy,19
evo,4
ank,2
ann,90
anm,2
ano,426
ant,114
ans,221
anv,4
anu,29
anx,30
anw,1
any,490
ewe,1
aod,1
ewh,1
aol,1
vya,1
aon,1
aop,1
nib,1
nic,148
jab,3
nie,7
jad,3
nig,237
jac,63
jaf,1
exa,130
jah,1
nil,2
exc,318
jag,24
nik,7
nin,37
apa,73
exe,66
jai,6
nim,3
jal,1
exh,43
nip,3
jan,7
exi,41
jam,21
ape,52
jap,13
aph,12
nit,2
nis,2
jar,5
api,23
exp,430
apl,21
exo,40
jas,5
jav,5
niz,2
exq,4
app,485
ext,139
apo,93
jaw,12
apr,117
jaz,2
rrc,3
exu,3
apt,4
exw,1
aps,29
apu,3
apy,2
rro,2
eye,261
eyk,1
eyo,3
aqu,25
arb,3
ara,123
eze,70
ard,3
arc,49
are,728
arh,1
arg,27
ari,105
ark,12
ezr,1
arn,2
arm,304
arp,2
aro,73
arr,170
art,122
ars,5
arv,5
aru,12
arw,2
asa,224
asc,85
asb,40
ase,64
asd,16
asg,19
asf,89
asi,358
ash,306
ask,189
asj,1
asm,104
asl,78
aso,85
asn,28
rub,35
asq,7
asp,64
ass,435
rud,11
asr,7
asu,47
ruf,5
ast,572
rue,11
asw,110
asv,2
rug,9
asy,58
jeb,11
rui,39
jea,19
nme,6
rul,56
jed,4
jec,6
run,92
jef,1
rum,29
jee,1
jeh,10
rup,1
jeg,1
atb,24
rur,2
ata,125
rut,11
atd,29
jel,1
rus,138
atc,8
atf,45
jen,1
ate,51
jem,1
ath,159
jep,8
atg,6
atj,4
jer,252
ati,38
atl,191
jet,11
jes,173
atk,2
atn,26
jev,1
atm,41
jeu,1
atp,25
ato,85
jew,47
atr,39
jez,11
atq,1
att,898
nna,1
ats,38
atv,2
atu,7
atw,23
atz,1
aty,11
rvp,1
nno,1
auc,3
aub,1
aue,2
aud,18
aug,19
nnu,1
aun,6
aus,30
aur,5
nob,108
aut,91
noa,29
nod,58
noc,74
nof,26
noe,25
aux,12
jga,1
noh,44
nog,28
noj,6
noi,161
jge,1
nol,41
nok,6
non,197
nom,124
ava,35
nop,39
noo,111
nor,390
ave,64
noq,1
not,2117
nos,184
nov,23
avi,18
nou,18
nox,1
now,1450
noy,20
wad,4
avo,46
wag,26
waf,3
wai,153
wak,22
wal,250
wan,167
was,2046
war,197
awa,386
wat,304
wav,28
way,252
awe,26
wax,4
awf,13
awi,54
awh,43
awk,10
awo,56
wbe,1
rya,3
awr,6
rye,1
jib,1
wbo,1
fab,19
fad,17
fac,288
fag,1
jin,2
fai,257
axe,5
jim,2
fal,183
fak,1
fan,55
fam,142
axi,2
far,281
fat,399
fas,95
fav,66
fau,16
faw,1
aya,5
aye,62
ayi,2
ayh,1
ayo,8
jjv,1
ayp,1
ays,2
ayr,1
ayt,3
jkg,1
aza,7
wea,298
wec,61
web,12
azm,1
wee,68
azp,1
wed,57
azo,10
weg,19
wef,14
wei,36
weh,151
wek,21
azu,3
wej,1
wem,112
wel,994
weo,10
wen,257
azy,3
weq,1
wep,29
wes,193
wer,1159
weu,2
wet,35
wew,121
wev,20
wey,4
jlo,1
nug,2
feb,5
fea,221
nui,3
fed,12
nul,1
nun,9
fee,262
num,152
nur,22
fei,4
fel,238
nut,2
fen,17
fem,10
nux,3
fer,47
fet,13
fes,16
fev,5
fex,1
few,67
fez,1
ffg,1
wha,1778
jnw,1
whe,2468
whi,2008
nwa,1
whl,1
job,68
whn,1
joa,41
jod,7
who,1686
joc,2
jof,1
joe,72
joh,58
jog,2
joj,1
joi,40
jol,7
jok,11
whw,1
jon,48
why,397
jom,26
jop,2
jor,31
wia,1
jos,116
wic,104
jov,16
jou,55
saa,3
wie,7
wid,60
jow,14
sac,156
joz,1
wig,2
sab,35
wif,69
joy,50
sae,1
sad,56
sag,7
saf,57
sai,748
wil,913
sak,40
wio,1
win,413
sam,431
wip,9
sal,113
wis,232
sao,1
wir,10
san,380
wit,2928
sap,9
sas,2
wiv,22
sar,77
sau,49
sat,125
saw,132
sav,114
wiz,17
say,593
wjo,1
fid,11
fic,3
bab,62
fif,84
fie,116
baa,20
nym,2
bad,62
fig,126
bac,312
baf,1
sbu,1
fil,135
bah,2
bag,67
fin,355
bai,6
fim,1
bal,127
bak,5
fir,543
ban,108
sca,119
fit,31
bap,17
fis,55
bao,1
bar,226
fiv,85
bat,242
sce,35
fix,32
bas,96
fiz,1
bav,3
bau,3
sci,31
sch,40
baw,2
baz,4
bay,8
scl,1
sco,83
scr,110
bbb,1
scu,12
scy,7
bbs,1
sdd,2
sdc,3
bbu,1
sdh,1
sdj,1
sdi,1
jsf,1
sdm,1
sea,239
bco,1
sec,227
seb,8
see,937
bct,1
sed,28
seg,2
sei,41
seh,6
fla,151
sem,27
sel,131
seo,64
sen,333
fle,153
seq,5
sep,80
ses,6
ser,405
fli,68
bde,1
set,198
sew,4
sev,229
sex,5
flo,193
jtr,1
sez,1
flu,49
fly,30
jub,5
jua,1
jud,310
fma,1
jug,3
sfo,5
beb,40
sfr,1
bea,511
jui,3
fme,1
jul,30
bed,137
bec,811
jun,17
bef,785
bee,526
jum,22
beh,569
beg,403
bej,6
jur,9
bei,369
bel,363
jut,3
jus,333
bek,9
ben,247
bem,57
wob,2
bep,42
woe,74
beo,42
ber,78
beq,11
bet,506
bes,348
bev,6
wok,2
beu,18
wom,157
bew,107
wol,24
woo,124
bez,17
won,193
bey,122
wop,10
wos,5
wor,929
wou,801
wot,3
sgp,1
wov,6
sha,1473
shc,2
she,1016
shg,1
shi,266
foa,5
fod,2
sho,903
foc,1
shr,51
foe,8
shs,1
fog,2
shu,59
foi,2
fol,327
fok,1
fon,13
shy,3
fop,1
foo,187
for,4949
fos,2
sic,58
fou,407
sib,14
fox,2
sie,15
sid,215
fow,16
sig,236
sif,1
oad,1
sim,133
sil,218
oak,9
sio,18
sin,431
oal,7
sip,1
sis,53
oan,1
sir,71
sit,129
oas,1
siv,3
oar,17
six,100
oat,25
siz,7
wra,60
bho,1
fpr,1
wre,48
wri,149
obd,1
obe,49
wro,88
obj,48
obl,50
bib,7
obn,2
bia,1
bid,54
obo,8
bic,2
obr,38
wry,1
bie,1
obt,30
big,33
obs,135
obv,15
bil,159
bin,10
bio,3
bir,54
bit,73
ske,7
bis,13
occ,157
biv,8
oce,29
ski,60
fra,83
och,8
skn,1
fre,309
ocl,12
oco,1
skr,1
frf,1
fri,253
sku,4
frj,1
sky,24
oct,14
fro,1849
fru,48
sla,128
fry,5
sle,146
oda,4
odd,13
sli,83
ode,9
odi,7
slo,114
odo,12
slu,14
fsl,1
ods,2
odu,3
sly,3
fso,1
ody,2
sma,140
sme,24
oea,2
smi,103
smj,30
smo,103
wus,1
bla,199
fte,1
oel,2
ble,256
smu,5
oes,2
oer,8
bli,65
oev,1
oex,1
blo,180
sna,37
ofb,160
blu,61
ofa,452
sne,9
ofd,113
ofc,240
off,610
ofe,123
sni,15
ofh,452
ofg,152
ofj,78
ofi,188
snm,1
ofl,83
sno,35
ofk,18
fuc,1
ofn,54
fuf,1
ofm,264
fue,3
ofp,125
ofo,148
fug,12
ofr,80
snu,9
ofq,9
oft,2155
ful,405
ofs,275
ofv,33
fun,24
ofu,39
fum,5
ofw,189
fur,153
ofz,8
ofy,65
fut,22
soa,102
fus,6
soc,82
sob,66
soe,26
oga,1
sod,55
sog,31
sof,110
soi,142
oge,2
soh,94
sok,12
soj,40
som,978
ogi,1
sol,318
soo,183
son,464
soq,3
sop,29
sos,123
ogo,24
www,3
sor,140
sou,333
sot,320
sow,60
sov,17
ogr,1
soy,39
ogt,1
ogw,1
ogy,1
spa,100
ohb,7
spe,521
oha,13
sph,7
ohd,20
ohc,14
ohf,2
spi,175
ohe,3
spl,49
ohh,28
ohg,10
ohj,4
ohi,39
fwa,1
ohl,4
spo,216
ohk,1
spr,134
ohn,30
bob,4
boa,105
ohm,21
ohp,7
bod,103
oho,24
boc,4
ohr,1
bof,3
boe,4
spu,16
ohq,2
oht,37
boh,1
ohs,25
bog,13
ohv,4
boi,20
spy,4
ohu,1
bol,70
ohw,17
bon,71
bom,26
ohy,57
boo,222
bor,221
bot,222
bos,22
bou,105
box,22
bow,80
oid,1
boy,45
kai,1
oil,29
wyt,1
oin,7
squ,81
kal,3
ois,2
oiw,1
kas,1
kar,20
kat,4
kay,4
bpr,1
kaz,1
ojo,1
sse,1
oki,3
okh,1
bra,183
sss,5
bre,343
sst,1
bri,446
bro,548
stb,6
sta,694
bru,35
ste,276
old,245
sth,3
stg,4
stj,13
sti,378
ole,5
stl,3
olg,1
stn,1
stm,3
oli,28
stp,7
oll,1
sto,548
str,1043
stq,1
olm,3
stt,2
olo,67
stu,155
olu,3
sty,10
oly,3
sua,2
suc,350
sub,191
oma,4
sue,7
sud,244
sug,23
suf,129
sui,55
ome,9
suk,2
sum,61
kee,186
omi,12
sul,15
ked,1
sun,112
sup,261
sus,77
omo,2
sur,256
omn,5
kel,3
suv,4
ken,1
kep,66
bth,2
ker,1
omy,5
ket,2
bto,1
key,12
kez,1
onb,31
ona,81
sve,1
ond,12
onc,165
onf,32
one,921
onh,160
ong,5
onj,5
oni,39
onl,400
onk,2
bub,4
onn,11
onm,24
onp,10
bud,5
ono,43
buc,33
onr,34
buf,6
onq,1
ont,810
ons,55
bug,1
onv,2
bui,89
onu,3
bul,44
onw,47
bun,15
bum,4
ony,13
swa,70
buo,13
bur,193
swb,1
but,4422
swe,96
bus,96
swi,84
bux,2
buz,2
buy,9
oof,1
ooh,2
swo,133
ool,4
ooo,2
swu,4
oor,2
oou,2
kgr,1
ooz,1
ope,163
kha,3
oph,4
opi,47
opp,139
opo,1
opr,5
bwe,1
opt,1
bwi,2
sye,1
kic,12
kib,1
sym,24
kie,2
syl,5
kid,3
syn,6
gab,30
syp,1
gad,10
sys,6
syr,20
gaf,6
gai,44
kim,1
kil,126
gah,1
kin,673
gam,27
oqu,2
gal,143
kip,3
kis,34
gao,1
gan,192
kir,2
kit,15
xca,3
gap,9
gas,16
gar,104
gau,33
gat,194
gav,137
orb,26
gay,10
ora,81
xci,5
ord,272
gaz,48
orc,84
orf,22
ore,43
orh,29
org,28
orj,3
ori,80
orl,34
ork,5
orn,24
byb,19
xcv,4
bya,110
orm,30
orp,21
byd,27
oro,36
byc,17
xcw,1
byf,38
orr,21
bye,16
orq,2
byh,70
ort,112
ors,57
byg,28
byj,6
orv,3
gbn,1
byi,17
oru,4
byl,13
orw,52
byk,1
byn,22
bym,55
ory,3
byp,20
byo,28
byr,25
byt,421
osa,2
bys,67
byv,8
osc,4
byu,6
ose,20
byx,1
byw,58
osg,2
byy,7
osi,2
osh,2
osl,1
osp,3
oss,1
ost,12
osw,1
ota,2
xen,1
oth,534
oti,1
otr,7
oug,58
gea,2
oui,1
geb,1
gee,1
ged,9
oul,2
oun,3
our,427
gem,6
out,747
gel,4
geo,12
gen,476
ges,23
ger,75
get,209
ova,1
ove,548
kna,7
kne,130
ovi,1
kni,176
kno,548
knu,2
kny,1
owa,5
owe,7
koc,4
owi,22
owh,7
owl,2
kok,1
own,233
kom,1
kol,3
kon,6
ggo,1
kor,1
xia,1
xic,1
tab,149
xih,1
tad,2
tac,13
koz,3
oxb,1
taf,6
xii,24
tah,4
tag,2
oxc,3
oxf,5
tai,21
oxe,14
tal,178
oxh,1
tak,535
xio,1
tan,8
tam,7
gha,2
tap,10
xit,5
xis,1
ghc,1
tar,22
xiv,13
xix,11
tat,14
tas,37
xiw,1
oxo,1
tav,2
tau,22
ghi,8
tax,6
taw,3
gho,24
oxw,1
ghv,5
oye,41
gia,15
gib,5
caa,3
gid,3
gig,5
oyo,1
cac,3
cab,26
gif,19
cae,94
cad,9
cag,4
oys,3
cai,12
gim,47
gil,20
cak,6
gio,5
caj,43
gin,12
cam,511
cal,394
gip,1
gis,1
can,477
gir,63
giu,1
cap,343
git,1
cas,226
car,469
giv,477
cau,154
cat,90
caw,1
cav,65
kra,6
ozh,1
caz,1
ozi,6
kre,4
ozn,1
ozo,1
cbj,23
xlc,2
xlf,1
xli,38
xlh,1
xlj,1
xll,1
